{"cameraMode":{"drawMode":0,"name":"Shaded","section":"Shading Mode"},"sceneLighting":false,"audioPlay":false,"sceneViewState":{"showFog":true,"showMaterialUpdate":false,"showSkybox":false,"showFlares":true,"showImageEffects":true,"showParticleSystems":true},"in2DMode":false,"pivot":{"x":-1.4157390594482422,"y":28.423824310302736,"z":104.86863708496094},"rotation":{"x":0.335044801235199,"y":-0.35814350843429568,"z":0.13949374854564668,"w":0.8602564334869385},"size":5.424502372741699,"orthographic":false}