{"cameraMode":{"drawMode":0,"name":"Shaded","section":"Shading Mode"},"sceneLighting":false,"audioPlay":false,"sceneViewState":{"showFog":true,"showMaterialUpdate":false,"showSkybox":false,"showFlares":true,"showImageEffects":true,"showParticleSystems":true},"in2DMode":false,"pivot":{"x":-1.6643002033233643,"y":-0.006038188934326172,"z":9.5367431640625e-7},"rotation":{"x":0.335044801235199,"y":-0.35814350843429568,"z":0.13949374854564668,"w":0.8602564334869385},"size":4.138318061828613,"orthographic":false}